Title,Bought
AH Maaltijdsalade gado gado,0
AH Vegetarische rode curry,0
AH Texmex,0
AH Biologisch bananen,0
AH Biologisch Komkommer,0
AH Biologisch Gember (verse gemberwortel),0
AH Biologisch Courgette,0
AH Biologisch Gekookte rode bieten,0
AH Biologisch Pastinaak,0
AH Biologisch Broccoli,0
AH Biologisch Kastanje champignons,0
AH Biologisch Knoflook,0
AH Biologisch Winterpeen,0
AH Biologisch Citroen,0
AH Biologisch Zoete puntpaprika,0
AH Biologisch Trostomaten,0
AH Biologisch Bloemkool,0
AH Biologisch Appelen,0
AH Biologisch Rode paprika,0
AH Biologisch Prei,0
AH Biologisch Cherry tomaten,0
AH Biologisch Bleekselderij,0
AH Biologisch Royal gala,0
AH Biologisch Witlof,0
AH Biologisch Paprika duo,0
AH Biologisch Uien,0
AH Biologisch Avocado,0
AH Biologisch Spinazie,0
AH Biologisch Conference schaal,0
AH Biologisch Kilo'tje iets kruimig,0
AH Biologisch Geraspte bietjes,0
AH Biologisch Wilde bosbes,0
AH Biologisch Mandarijnen,0
AH Biologisch Rodekool gesneden,0
AH Biologisch Sperziebonen,0
AH Biologisch Bladspinazie,0
AH Biologisch Iets kruimige aardappelen,0
AH Biologisch Uiensnippers,0
AH Biologisch Aubergine,0
AH Biologisch rucola,0
AH Biologisch Snoepgroente tomaat,0
AH Biologisch Zuurkool naturel,0
AH Biologisch Biologisch witte kool,0
AH Biologisch Aardappelschijfjes,0
AH Biologisch Sultana rozijnen,0
AH Biologisch Medjoul dadels,0
AH Biologisch Vijgen,0
AH Biologisch Pruimen,0
AH Biologisch Gojibessen,0
AH Biologisch Bessen mix,0
AH Biologisch Gedroogde banaan,0
AH Biologisch Biologische verse tagliatelle all'uovo,0
AH Biologisch Fusilli kikkererwt,0
AH Biologisch Fusilli linzen,0
AH Biologisch Meergranen pannenkoekenmix,0
AH Biologisch Mezzelune ceci e lenticchie vegan,0
AH Biologisch Boerenkoolstamppot,0
AH Biologisch Rosbief,0
AH Biologisch Hummus,0
AH Biologisch Magere yoghurt,0
AH Scharreleieren L/XL,0
AH Biologisch Witte eieren,0
AH Scharreleieren klasse M/L,0
AH Biologisch Magere kwark naturel,0
AH Biologisch Magere melk,0
AH Halfvolle Biogarde stand,0
AH Biogarde magere kwark,0
Alpro Haverdrink zonder suikers gekoeld,0
AH Biologisch Houdbare halfvolle melk,0
AH Biologisch Volle melk,0
De Zaanse Hoeve Vanille vla,0
AH Biologisch Halfvolle melk houdbaar,0
AH Biologisch Halfvolle yoghurt,0
AH Biologisch Volle melk houdbaar,0
AH Volle Biogarde roer,0
AH Biologisch Volle kwark,0
AH Biologisch Halfvolle koffiemelk,0
AH Biologisch Volle yoghurt,0
AH Biologisch Tarwebloem,0
AH Biologisch Robuust pompoen broodjes,0
AH Biologisch Robuust stokbrood volkoren,0
AH Biologisch Abrikozen,0
AH Biologisch Robuust volkoren broodjes,0
AH Biologisch Inca bessen,0
AH Biologisch Volkoren speltvlokken,0
AH Biologisch Waldkorncrackers,0
AH Ma√Øswafels,0
AH Biologisch Rijstwafels met zeezout,0
AH Biologisch Volkoren havermout fijn,0
AH Biologisch Volkoren beschuit,0
AH Biologisch Muesli fruit & noten,0
AH Biologisch Maiswafels lijnzaad,0
AH Biologisch Havermout fijne vlokken,0
AH Biologisch Rijstwafels quinoa,0
AH Biologisch Muesli noten,0
AH Biologisch Volkoren havermout grof,0
AH Biologisch Muesli volkoren,0
AH Biologisch Rijstwafels meergranen,0
AH Biologisch Krokante muesli volkoren,0
AH Biologisch Cornflakes,0
AH Biologisch 100% volkoren quinoa gepoft,0
AH Biologisch Krokante muesli 4 noten,0
AH Biologisch Spelt,0
AH Biologisch Amandelen in vlies,0
AH Biologisch Grove vlokken,0
AH Biologisch 100% volkoren boekweit gepoft,0
AH Biologisch 5-granenmix,0
AH Biologisch Krokante muesli chocolade & hazelnoot,0
AH Biologisch Knijpfruit appel-banaan,0
AH Biologisch Lijnzaad gebroken,0
AH Biologisch Volkoren penne rigate,0
AH Biologisch Volkoren spaghetti,0
AH Biologisch Fusilli volkoren,0
AH Biologisch Passata di pomodoro fijn gekruid,0
AH Biologisch Drie kleuren quinoa,0
AH Biologisch Linguine integrali organic vegan,0
AH Biologisch Zilvervliesrijst,0
AH Biologisch Volkoren basmati rijst,0
AH Biologisch Volkoren couscous,0
AH Biologisch Passata di pomodoro,0
AH Biologisch Spaghetti,0
AH Biologisch Schelpjes pasta,0
AH Biologisch Bulgur,0
AH Biologisch Witte rijst,0
AH Biologisch Volkoren spelt couscous,0
AH Biologisch Pastasaus tradizionale,0
AH Biologisch Volkoren pandan rijst,0
AH Biologisch Basmati rijst,0
AH Biologisch Quinoa,0
AH Biologisch Volkoren rode rijst,0
AH Biologisch Drie kleuren rijst,0
AH Biologisch Quinoa plus,0
AH Biologisch Bulgur & quinoa,0
AH Biologisch Macaroni grande,0
AH Biologisch Pastasaus basilicum,0
AH Italiaanse kruidenmix,0
AH Biologisch Maiskorrels,0
AH Biologisch Rode linzen,0
AH Biologisch Rodekool met appeltjes gekookt,0
AH Biologisch Kidneybonen,0
AH Biologisch Hollandse bruine bonen,0
AH Biologisch Linzen,0
AH Biologisch Witte bonen in tomatensaus,0
AH Biologisch Wortelpeterselie,0
AH Biologisch Kurkuma,0
AH Biologisch Groene linzen,0
AH Biologisch Bio doperwten,0
AH Biologisch Rode kool met appel,0
Bonduelle Jonge kapucijners,0
AH Biologisch Erwtensoep in zak,0
AH Biologisch Doperwten-wortelen,0
AH Biologisch Pompoen Linzensoep,0
AH Biologisch Doperwten extra fijn,0
AH Biologisch Rode bieten gesneden,0
AH Biologisch Bruine bonen,0
AH Biologisch Kidney Bonen,0
AH Biologisch Biologische wortelen,0
AH Biologisch Wortelsoep in zak,0
AH Biologisch Gele splitlinzen,0
AH Biologisch Zwarte oogbonen,0
AH Biologisch Witte bonen,0
AH Biologisch Natuurazijn,0
AH Biologisch Tomatensoep in zak,0
AH Biologisch Witte wijnazijn,0
AH Biologisch Rode wijnazijn,0
AH Biologisch Pompoensoep in zak,0
AH Biologisch Appelcider azijn,0
AH Biologisch Citroensap,0
AH Biologisch Augurken zoetzuur,0
AH Biologisch Linzensoep in zak,0
AH Biologisch Broccoli courgettesoep,0
AH Biologisch Vergeten groentesoep,0
AH Biologisch Courgettesoep in zak,0
AH Biologisch Geblancheerde amandelen,0
AH Biologisch Cranberry notenmix,0
AH Biologisch Notenmix,0
AH Biologisch Pecannoten,0
AH Biologisch Studentenhaver,0
Fage Total Total 0%,0
Alpro Sojadrink light,0
Hipro Protein drink framboos aardbei,0
Wunda Plantaardige drank ongezoet,0
